,mean_test_score,std_test_score,mean_train_score,std_train_score,ridge__alpha
0,0.25897532908635446,0.035117426710873235,0.27014750823953404,0.007957791173072997,10.0
1,0.25897643316668184,0.03511528289086306,0.2701475080826934,0.00795779111456162,10.0
2,0.25898741612833015,0.035093932728863034,0.270147492446113,0.007957785293041374,10.0
3,0.25909165290561564,0.03488892845441914,0.27014597500355697,0.007957231684929959,10.0
4,0.2597212250054194,0.03345833442156866,0.27003037424373005,0.007922312987449278,10.0
5,0.2584768638013948,0.030765445170410615,0.26742607359064935,0.00768391970480336,10.0
