,mean_test_score,std_test_score,mean_train_score,std_train_score,ridge__alpha
0,0.2691116789019725,0.0330857034689556,0.28000344895875523,0.007483176570230875,0.01
