,mean_test_score,std_test_score,mean_train_score,std_train_score,bayesianridge__alpha_1,bayesianridge__alpha_2,bayesianridge__lambda_1,bayesianridge__lambda_2
0,0.2683440543573766,0.029403157921506815,0.2772422819457628,0.00728406189157413,0.00011861673332387622,7825.338185926505,0.003659037630684322,0.17128614980689122
