model,r2_score,mse_score,rmae_score,mae_score,mse_log_score,mae_log_score
KNN,0.5453724174381034,0.35374418826237447,0.5947639769373851,0.39232782644894426,0.00810256547815665,0.26720337234436053
