,mean_test_score,std_test_score,mean_train_score,std_train_score,svr__C,svr__degree,svr__gamma,svr__kernel
0,0.017718792928292326,0.002914852818280054,0.07243233002926405,0.0012419617638092018,0.03444078009045037,2,114.07951364521455,rbf
